country,countryiso3code,date,personnel,expenditure
Albania,ALB,2024,,2.03786228936679
Albania,ALB,2023,,1.7407334644623
Albania,ALB,2022,,1.20878861551122
Albania,ALB,2021,,1.24298808396067
Albania,ALB,2020,0.646170149523773,1.29583570269739
Albania,ALB,2019,0.6280613082046,1.28080596201472
Albania,ALB,2018,0.709852516308862,1.16054478505068
Albania,ALB,2017,0.716328957359325,1.10915100558884
Albania,ALB,2016,0.677486794985322,1.10358100880452
Albania,ALB,2015,0.69224836568305,1.16230386432234
Albania,ALB,2014,0.711602554067143,1.34651599128914
Albania,ALB,2013,0.717729610146164,1.40898210141146
Albania,ALB,2012,1.13495936460743,1.48708257655216
Albania,ALB,2011,1.07122988811276,1.52826633776627
Albania,ALB,2010,1.17101598442775,1.55859189302349
Albania,ALB,2009,1.18224065272192,1.5172171395597
Albania,ALB,2008,1.20687000345415,1.98486885667765
Albania,ALB,2007,1.1865745230175,1.8207653435572
Albania,ALB,2006,0.926002720032338,1.56776908873068
Albania,ALB,2005,1.78613955703739,1.35000497056322
Albania,ALB,2004,1.68531487168875,1.38115794211088
Albania,ALB,2003,1.70479333642779,1.33684292419802
Albania,ALB,2002,2.07007907702074,1.32003449433204
Albania,ALB,2001,3.10149706583062,1.30929137475594
Albania,ALB,2000,5.07602379639956,1.24636024189216
Albania,ALB,1999,5.00151156794053,1.24921009885957
Albania,ALB,1998,4.86937100711577,1.23824256064749
Albania,ALB,1997,4.77128576608825,1.28308078036268
Albania,ALB,1996,4.87416705900703,1.37902962734156
Albania,ALB,1995,6.10854999265562,2.05358735905793
Albania,ALB,1994,4.45060682312261,2.54781906037648
Albania,ALB,1993,4.35744744750784,3.19945106674965
Albania,ALB,1992,4.25418284346963,4.6708878237371
Albania,ALB,1991,,5.79127042184833
Albania,ALB,1990,,5.8883007196812
Belgium,BEL,2024,,1.2770531266155
Belgium,BEL,2023,,1.18422875211757
Belgium,BEL,2022,,1.16246551287247
Belgium,BEL,2021,,1.04263994220028
Belgium,BEL,2020,0.468319000170156,1.00592796693225
Belgium,BEL,2019,0.50522627433126,0.887004950933882
Belgium,BEL,2018,0.618437081880088,0.892442476666613
Belgium,BEL,2017,0.635257800519125,0.886837200658898
Belgium,BEL,2016,0.675842258416885,0.898085290562566
Belgium,BEL,2015,0.727807283839235,0.911829965009217
Belgium,BEL,2014,0.75434465405373,0.966272329768275
Belgium,BEL,2013,0.755004471639817,1.0045200869807
Belgium,BEL,2012,0.624331436613073,1.0370296665755
Belgium,BEL,2011,0.697149895622022,1.04450113453523
Belgium,BEL,2010,0.729071629206606,1.09018110220613
Belgium,BEL,2009,0.822250966689485,1.16353003394252
Belgium,BEL,2008,0.815985447841059,1.22191451658895
Belgium,BEL,2007,0.823581981884575,1.09801876439276
Belgium,BEL,2006,0.860653339162825,1.05612306878486
Belgium,BEL,2005,0.799548449610728,1.09664118158572
Belgium,BEL,2004,0.8034937694638,1.15659439046667
Belgium,BEL,2003,0.928186146821759,1.22119401053058
Belgium,BEL,2002,0.899410977586311,1.22376131677303
Belgium,BEL,2001,0.914614683744117,1.28352328807131
Belgium,BEL,2000,0.890622089331435,1.35086536826323
Belgium,BEL,1999,0.955771255894877,1.39393068975137
Belgium,BEL,1998,1.02561743577804,1.41739581246631
Belgium,BEL,1997,1.05160705430787,1.4578661900969
Belgium,BEL,1996,1.10117647506513,1.51931684175109
Belgium,BEL,1995,1.12541350601119,1.5446405538339
Belgium,BEL,1994,1.27329438013507,1.67714315012305
Belgium,BEL,1993,1.70890051537998,1.73596589343319
Belgium,BEL,1992,1.94066431150266,1.83233253009366
Belgium,BEL,1991,2.50748895091131,2.28769284712482
Belgium,BEL,1990,2.69155491635358,2.35544045891723
Bulgaria,BGR,2024,,2.14947328244853
Bulgaria,BGR,2023,,1.94458310651254
Bulgaria,BGR,2022,,1.58707500372134
Bulgaria,BGR,2021,,1.5107237100085
Bulgaria,BGR,2020,1.18130171786811,1.58561827051115
Bulgaria,BGR,2019,1.15278947010942,3.14495072906354
Bulgaria,BGR,2018,1.16148691700508,1.45106212373153
Bulgaria,BGR,2017,0.958184814687057,1.22220854798635
Bulgaria,BGR,2016,0.990564947989011,1.24384580804927
Bulgaria,BGR,2015,1.45112678614379,1.24593360652028
Bulgaria,BGR,2014,1.43750776877216,1.30960223173333
Bulgaria,BGR,2013,1.41872774614551,1.45404283053363
Bulgaria,BGR,2012,1.40854004080299,1.32981896505284
Bulgaria,BGR,2011,1.41629190824225,1.31400025609446
Bulgaria,BGR,2010,1.90734366002063,1.64246152423714
Bulgaria,BGR,2009,1.87198934730153,1.73951150062383
Bulgaria,BGR,2008,2.10504866451503,2.13186398257533
Bulgaria,BGR,2007,2.14240907330238,2.22853990097534
Bulgaria,BGR,2006,2.19205179555347,2.08176190777138
Bulgaria,BGR,2005,2.5644700220997,2.23535026726367
Bulgaria,BGR,2004,2.51533243077287,2.3737116819405
Bulgaria,BGR,2003,2.54490484600781,2.69120147161229
Bulgaria,BGR,2002,3.00821147726685,2.77967655484011
Bulgaria,BGR,2001,3.18464594348212,2.86251954387639
Bulgaria,BGR,2000,3.30673032945843,2.65245576158903
Bulgaria,BGR,1999,3.31861414025743,2.61950116392104
Bulgaria,BGR,1998,3.94811909275428,2.13151621324202
Bulgaria,BGR,1997,3.92667577771364,2.15948029978631
Bulgaria,BGR,1996,4.02822865456284,1.73742958266484
Bulgaria,BGR,1995,3.9651568045913,1.63834575680207
Bulgaria,BGR,1994,2.33047267812094,2.49261728620574
Bulgaria,BGR,1993,1.51452575829683,2.60927161179391
Bulgaria,BGR,1992,2.86905876614824,2.97263384321224
Bulgaria,BGR,1991,3.08338066466737,3.04323157297492
Bulgaria,BGR,1990,3.69454742080494,3.83344348975545
Canada,CAN,2024,,1.31303419578919
Canada,CAN,2023,,1.25316567875902
Canada,CAN,2022,,1.16713259486345
Canada,CAN,2021,,1.25420081409628
Canada,CAN,2020,0.351128167486965,1.39399340787119
Canada,CAN,2019,0.34616324914595,1.28451224366918
Canada,CAN,2018,0.355052684129635,1.3176781061648
Canada,CAN,2017,0.357224065371607,1.35189646465708
Canada,CAN,2016,0.339922337565845,1.16416156719089
Canada,CAN,2015,0.342536207092012,1.15270937445521
Canada,CAN,2014,0.358257746647573,0.989925299438869
Canada,CAN,2013,0.336148005813467,1.00236720047397
Canada,CAN,2012,0.341400277030807,1.11840459807104
Canada,CAN,2011,0.343753997709876,1.19329189549638
Canada,CAN,2010,0.346990828984857,1.19433833839121
Canada,CAN,2009,0.350562560577815,1.37755563107525
Canada,CAN,2008,0.344464265492388,1.24551836677548
Canada,CAN,2007,0.349928261972481,1.18579022996702
Canada,CAN,2006,0.355946424279017,1.12252472932052
Canada,CAN,2005,0.400993447145816,1.10710542420811
Canada,CAN,2004,0.404446496171772,1.10418939142687
Canada,CAN,2003,0.355213935088805,1.11193730688338
Canada,CAN,2002,0.363594917249988,1.11686914736943
Canada,CAN,2001,0.401704051680654,1.13335628281332
Canada,CAN,2000,0.423181107366731,1.11434980213748
Canada,CAN,1999,0.439259293913449,1.24170306410258
Canada,CAN,1998,0.447103901257982,1.25629390156868
Canada,CAN,1997,0.471782659657547,1.24624320151167
Canada,CAN,1996,0.526018052570429,1.40375258106455
Canada,CAN,1995,0.504004404878656,1.55409007114777
Canada,CAN,1994,0.502802722938202,1.69668025731865
Canada,CAN,1993,0.51433505951398,1.82175350392748
Canada,CAN,1992,0.55818401230292,1.86168769986295
Canada,CAN,1991,0.584083269084174,1.89544433858064
Canada,CAN,1990,0.593567812632337,1.95879374221417
Croatia,HRV,2024,,1.79323424509814
Croatia,HRV,2023,,1.70663158780592
Croatia,HRV,2022,,1.80285265162096
Croatia,HRV,2021,,1.97150113166485
Croatia,HRV,2020,1.17181915549337,1.69659501985338
Croatia,HRV,2019,1.04835783481492,1.6036107424916
Croatia,HRV,2018,1.04854776135053,1.54234055565076
Croatia,HRV,2017,1.01454633996772,1.63316629446653
Croatia,HRV,2016,1.03359777834983,1.58922538500355
Croatia,HRV,2015,0.995162597766007,1.7487025038306
Croatia,HRV,2014,1.04531926884328,1.80811715937665
Croatia,HRV,2013,1.06784619519027,1.60780875391152
Croatia,HRV,2012,1.05130361648444,1.65593775106979
Croatia,HRV,2011,1.14888178166034,1.73660237614066
Croatia,HRV,2010,1.13000970971306,1.66618616230333
Croatia,HRV,2009,1.11743750885931,1.77217858246391
Croatia,HRV,2008,1.13729003428929,1.82315444519083
Croatia,HRV,2007,1.09097539954376,1.61077866472529
Croatia,HRV,2006,1.10858190203092,1.66641016588365
Croatia,HRV,2005,1.62300860770468,1.74403729145943
Croatia,HRV,2004,1.56835109316685,1.74038789534115
Croatia,HRV,2003,1.65085933124117,2.02614735279736
Croatia,HRV,2002,3.28101106776471,2.70880829294998
Croatia,HRV,2001,3.65251579726452,2.70575135487786
Croatia,HRV,2000,5.1690853891963,3.0245823570935
Croatia,HRV,1999,5.09152905675139,4.38306728344479
Croatia,HRV,1998,4.79933174619729,5.54555805177024
Croatia,HRV,1997,4.85421263927999,7.47805189562736
Croatia,HRV,1996,5.12632197414806,8.07513154938036
Croatia,HRV,1995,7.19752405172621,9.10152769738719
Croatia,HRV,1994,3.31502335433953,11.1481772894242
Croatia,HRV,1993,3.80905402619391,10.7267571545045
Croatia,HRV,1992,4.90267709969046,7.60738644340829
Croatia,HRV,1991,,
Croatia,HRV,1990,,
Czechia,CZE,2024,,1.91680849222604
Czechia,CZE,2023,,1.47176821017418
Czechia,CZE,2022,,1.32690210545667
Czechia,CZE,2021,,1.35325325729994
Czechia,CZE,2020,0.505332568721486,1.295406324775
Czechia,CZE,2019,0.463401735754614,1.13323967641325
Czechia,CZE,2018,0.411554991480284,1.07552668819544
Czechia,CZE,2017,0.428252446997243,0.943984411925526
Czechia,CZE,2016,0.434079426057189,0.986634400365061
Czechia,CZE,2015,0.472190344923266,0.941202924537164
Czechia,CZE,2014,0.468224810590792,0.959115722257081
Czechia,CZE,2013,0.454690986534166,1.00870446252121
Czechia,CZE,2012,0.509144618008302,1.05560770651415
Czechia,CZE,2011,0.512140996341112,1.06914296806992
Czechia,CZE,2010,0.545237966425454,1.18289778802227
Czechia,CZE,2009,0.506082678666768,1.31349218921279
Czechia,CZE,2008,0.518860681871334,1.23408817792114
Czechia,CZE,2007,0.520345509418254,1.4247883319863
Czechia,CZE,2006,0.500752380451629,1.56811468416419
Czechia,CZE,2005,0.541062697379189,1.7772578503284
Czechia,CZE,2004,0.525976724166312,1.69964346518547
Czechia,CZE,2003,1.21909634580739,1.87752210665196
Czechia,CZE,2002,1.06963519605441,1.80901146474017
Czechia,CZE,2001,1.15036024541537,1.73552829284443
Czechia,CZE,2000,1.22301966453324,1.86147018377297
Czechia,CZE,1999,1.14204686991013,1.83868741109923
Czechia,CZE,1998,1.24451102354011,1.73559766220785
Czechia,CZE,1997,1.29802875143328,1.5803034972859
Czechia,CZE,1996,1.46131600784704,1.65758607725057
Czechia,CZE,1995,1.7796072484177,1.75885533074022
Czechia,CZE,1994,1.74797875390091,2.28340085763757
Czechia,CZE,1993,2.10208882798725,2.3304040663427
Czechia,CZE,1992,,
Czechia,CZE,1991,,
Czechia,CZE,1990,,
Denmark,DNK,2024,,2.41617454160591
Denmark,DNK,2023,,1.99961332917573
Denmark,DNK,2022,,1.36156457421085
Denmark,DNK,2021,,1.29155763565745
Denmark,DNK,2020,0.494568973248435,1.37376885314973
Denmark,DNK,2019,0.494344370834737,1.29920660644454
Denmark,DNK,2018,0.48447151842061,1.28310489294024
Denmark,DNK,2017,0.505025338804666,1.1399854112558
Denmark,DNK,2016,0.546981832389139,1.15107146564238
Denmark,DNK,2015,0.572419319910675,1.11481302624419
Denmark,DNK,2014,0.599463340899815,1.1497978040996
Denmark,DNK,2013,0.602599797708649,1.22352490397164
Denmark,DNK,2012,0.597795524735875,1.35329314051826
Denmark,DNK,2011,0.568620185221544,1.3123392890178
Denmark,DNK,2010,0.643746418927278,1.39710181036952
Denmark,DNK,2009,0.641825092969773,1.34441225473678
Denmark,DNK,2008,1.02586548851715,1.34882681237568
Denmark,DNK,2007,1.02334558277996,1.30402280174653
Denmark,DNK,2006,1.02256738037325,1.37505574678224
Denmark,DNK,2005,0.723472336484917,1.30811146758176
Denmark,DNK,2004,0.723833172309176,1.42024015449579
Denmark,DNK,2003,0.792345112168961,1.46466732860503
Denmark,DNK,2002,0.78781038688084,1.50685882049485
Denmark,DNK,2001,0.750437989275049,1.53154262127753
Denmark,DNK,2000,0.761806782037295,1.45846561683975
Denmark,DNK,1999,0.939715509830468,1.56553651572988
Denmark,DNK,1998,1.13127833041644,1.60907118109632
Denmark,DNK,1997,1.15381391611808,1.61872430785355
Denmark,DNK,1996,1.16062278524774,1.6461435449497
Denmark,DNK,1995,1.17340060357458,1.68675957369556
Denmark,DNK,1994,1.00685814231796,1.74260026232195
Denmark,DNK,1993,0.944500784110558,1.87408519061274
Denmark,DNK,1992,0.972464663065306,1.85515102127163
Denmark,DNK,1991,1.04289351501002,1.91975873946774
Denmark,DNK,1990,1.0802729954402,1.95075703504915
Estonia,EST,2024,,3.37400221824601
Estonia,EST,2023,,2.99572297522503
Estonia,EST,2022,,2.13485210963824
Estonia,EST,2021,,2.01231933389152
Estonia,EST,2020,0.999507385645646,2.26136428332919
Estonia,EST,2019,0.99950881281199,1.99845018670744
Estonia,EST,2018,0.954326231436931,1.97061311743188
Estonia,EST,2017,0.860136130878314,1.96988670547821
Estonia,EST,2016,0.926088044926846,2.02803563355143
Estonia,EST,2015,0.937145367353663,1.98944501754528
Estonia,EST,2014,0.851396512383747,1.89535477779564
Estonia,EST,2013,0.845012880935481,1.88381591331462
Estonia,EST,2012,0.840760047082563,1.87984897526434
Estonia,EST,2011,0.836199437201422,1.67245488569073
Estonia,EST,2010,0.841997364182164,1.70034915217706
Estonia,EST,2009,0.791089860550453,1.79897241682054
Estonia,EST,2008,1.00576157703415,1.76710636308365
Estonia,EST,2007,1.01332375983648,1.65723646617002
Estonia,EST,2006,1.01023512500938,1.38733380120574
Estonia,EST,2005,1.18822175188445,1.44977185113693
Estonia,EST,2004,0.885496453586703,1.68718221150394
Estonia,EST,2003,1.19905496704819,1.73550917444736
Estonia,EST,2002,1.23688482159082,1.65626054354887
Estonia,EST,2001,1.09461360139871,1.50097699373087
Estonia,EST,2000,1.1212399733853,1.37613232122576
Estonia,EST,1999,1.13566573173483,1.28040294601413
Estonia,EST,1998,1.05854463455748,1.05677341127574
Estonia,EST,1997,0.912342693293557,1.02886453383652
Estonia,EST,1996,0.795987067381029,0.866311409441128
Estonia,EST,1995,0.780626829150593,0.930586008373083
Estonia,EST,1994,0.54945960647703,1.04163027365878
Estonia,EST,1993,0.674331568832395,0.761751960945642
Estonia,EST,1992,0.386961462507949,
Estonia,EST,1991,,
Estonia,EST,1990,,
Finland,FIN,2024,,2.29979173712597
Finland,FIN,2023,,2.0075369530221
Finland,FIN,2022,,1.58854518946055
Finland,FIN,2021,,1.30243925969996
Finland,FIN,2020,0.801622483907429,1.43578115547809
Finland,FIN,2019,0.982142824664589,1.36132283517387
Finland,FIN,2018,0.917849885651202,1.37168236993597
Finland,FIN,2017,0.923178955655653,1.36088933984851
Finland,FIN,2016,0.898558000062379,1.43150516649128
Finland,FIN,2015,0.924532869556952,1.45819060668341
Finland,FIN,2014,0.932205538643275,1.45927959000267
Finland,FIN,2013,0.930372416914022,1.54007184381097
Finland,FIN,2012,0.927427671770734,1.53160526604717
Finland,FIN,2011,0.928727587481495,1.49199362525613
Finland,FIN,2010,0.934552161481633,1.49172644486325
Finland,FIN,2009,0.932421929670447,1.56084541207723
Finland,FIN,2008,1.17848875022005,1.39102532971688
Finland,FIN,2007,1.19235654739748,1.28760998478864
Finland,FIN,2006,1.17793781371797,1.44270225678265
Finland,FIN,2005,1.14941591132738,1.46470451104851
Finland,FIN,2004,1.16279549540527,1.46771855552706
Finland,FIN,2003,1.12935250956385,1.44547443507181
Finland,FIN,2002,1.31488872236143,1.15346267852331
Finland,FIN,2001,1.3439135521913,1.1431199131475
Finland,FIN,2000,1.34920708137679,1.24000997169797
Finland,FIN,1999,1.36255119271753,1.22310377157804
Finland,FIN,1998,1.38992451244735,1.46317555780765
Finland,FIN,1997,1.37084780560741,1.53515505066012
Finland,FIN,1996,1.46292104696383,1.53047227121301
Finland,FIN,1995,1.39693419508652,1.42254149924916
Finland,FIN,1994,1.40492397755654,1.75560359540335
Finland,FIN,1993,1.23479607541975,1.86801150656572
Finland,FIN,1992,1.30455304826609,1.90713101160862
Finland,FIN,1991,1.24634858812074,1.78123103649322
Finland,FIN,1990,1.19011741852015,1.5633514986376
France,FRA,2024,,2.05257687860637
France,FRA,2023,,1.95099683800051
France,FRA,2022,,1.95772067476703
France,FRA,2021,,1.98022225807935
France,FRA,2020,1.00363967948899,2.02167455284232
France,FRA,2019,0.996706802038685,1.85288520696513
France,FRA,2018,0.998202384223424,1.84604257144589
France,FRA,2017,1.01162928828255,1.8523088187904
France,FRA,2016,1.01089367558365,1.85171809616119
France,FRA,2015,1.01234321815631,1.86973268204402
France,FRA,2014,1.03447005922064,1.85952906556899
France,FRA,2013,1.05126206751618,1.84711648361859
France,FRA,2012,1.08265268528457,1.87154409463222
France,FRA,2011,1.11434041578699,1.88794614981494
France,FRA,2010,1.14827022923566,1.96864375039496
France,FRA,2009,1.15168630049095,2.09877791453034
France,FRA,2008,1.19803278265683,1.89934504679172
France,FRA,2007,1.20593861567471,1.91095777789429
France,FRA,2006,1.22032768073415,1.97737744775679
France,FRA,2005,1.24526927751419,2.02813701732744
France,FRA,2004,1.2555602379925,2.11416633859403
France,FRA,2003,1.27171271261756,2.1064709567846
France,FRA,2002,1.30099665045503,2.05857264018165
France,FRA,2001,1.36435183339515,2.04148415280944
France,FRA,2000,1.42566043060437,2.09218901026309
France,FRA,1999,1.51646000170952,2.19815329922308
France,FRA,1998,1.68527098501518,2.2468089386267
France,FRA,1997,1.77512395100343,2.39395696754189
France,FRA,1996,1.84114835792089,2.43766326434912
France,FRA,1995,1.90446752676272,2.51542226280158
France,FRA,1994,1.9292290903498,2.69073238306963
France,FRA,1993,1.93603915849637,2.72168441384594
France,FRA,1992,2.01009529931128,2.72756816588629
France,FRA,1991,2.1049368497585,2.84921925342208
France,FRA,1990,2.12591525483346,2.84463959497759
Germany,DEU,2024,,1.89190377205494
Germany,DEU,2023,,1.48796332620564
Germany,DEU,2022,,1.35030514561756
Germany,DEU,2021,,1.29982374349238
Germany,DEU,2020,0.421924351315519,1.35598993512329
Germany,DEU,2019,0.418354589119066,1.24014846331417
Germany,DEU,2018,0.415935550259116,1.14814145777047
Germany,DEU,2017,0.414825800357985,1.13126090102098
Germany,DEU,2016,0.415371414055793,1.12912506140277
Germany,DEU,2015,0.415286652490237,1.11541840455009
Germany,DEU,2014,0.420714473053709,1.12769949450115
Germany,DEU,2013,0.430427392470382,1.16213791467872
Germany,DEU,2012,0.446432440920192,1.21725965761789
Germany,DEU,2011,0.472031177370267,1.18233731589884
Germany,DEU,2010,0.600720984625805,1.24181027958074
Germany,DEU,2009,0.601251403424043,1.2847898688108
Germany,DEU,2008,0.583728580181424,1.1888700534429
Germany,DEU,2007,0.583800800658872,1.15279236258074
Germany,DEU,2006,0.590024357452682,1.17898651377886
Germany,DEU,2005,0.692858130223391,1.23275583821682
Germany,DEU,2004,0.70267475620155,1.25072808117217
Germany,DEU,2003,0.701171846695886,1.2986963477858
Germany,DEU,2002,0.732774459126422,1.31344033426945
Germany,DEU,2001,0.765281263569691,1.30789826898647
Germany,DEU,2000,0.549849639375979,1.34421581953972
Germany,DEU,1999,0.820542964931109,1.38034779906259
Germany,DEU,1998,0.831181814429775,1.38165698909139
Germany,DEU,1997,0.865794883638639,1.40270759051929
Germany,DEU,1996,0.962523646143981,1.45737175283167
Germany,DEU,1995,0.915985990784779,1.48727246874621
Germany,DEU,1994,0.905280546441342,1.5366036133542
Germany,DEU,1993,1.00125506567768,1.6772597330503
Germany,DEU,1992,1.10899103694375,1.8360797299954
Germany,DEU,1991,1.14439529025996,1.97382250348754
Germany,DEU,1990,1.40558961466831,2.50676361181222
Greece,GRC,2024,,3.12797536550149
Greece,GRC,2023,,2.88325472633445
Greece,GRC,2022,,4.00035246143373
Greece,GRC,2021,,3.80247367841764
Greece,GRC,2020,3.19819752198434,3.02310765728834
Greece,GRC,2019,3.14573415978404,2.59648367110305
Greece,GRC,2018,3.16670693321408,2.70054108209766
Greece,GRC,2017,3.1090355814216,2.556623889921
Greece,GRC,2016,3.08215844817828,2.57279833754101
Greece,GRC,2015,3.10158050801757,2.47743424261411
Greece,GRC,2014,3.08317739106753,2.36784026258467
Greece,GRC,2013,3.08686046085096,2.39130807647224
Greece,GRC,2012,3.01284266356965,2.47639628901893
Greece,GRC,2011,3.00096370684863,2.52021146748907
Greece,GRC,2010,2.97999549556636,2.75678087939637
Greece,GRC,2009,2.85869827389312,3.26904009456305
Greece,GRC,2008,3.25353614921161,3.02372412926418
Greece,GRC,2007,3.26780935803175,2.71917513817491
Greece,GRC,2006,3.27175657155677,2.82969288184235
Greece,GRC,2005,3.44862624589321,2.90167987543818
Greece,GRC,2004,3.45471805880427,2.67202808458836
Greece,GRC,2003,3.82205472904557,2.56278132746133
Greece,GRC,2002,3.86977359480445,3.16565671755075
Greece,GRC,2001,3.51552755962503,3.35627566229104
Greece,GRC,2000,3.48778910501878,3.59479870587568
Greece,GRC,1999,3.63629892521209,3.49420868804542
Greece,GRC,1998,3.71100699734572,3.45541464568208
Greece,GRC,1997,3.68941964075746,3.29602741401833
Greece,GRC,1996,4.43052686497212,3.23732069026365
Greece,GRC,1995,4.59041258892218,3.09663675025723
Greece,GRC,1994,4.75795959291267,3.58197232877289
Greece,GRC,1993,5.02111461200928,3.60012469561704
Greece,GRC,1992,4.94940423925991,3.62980089042347
Greece,GRC,1991,5.00234988436031,3.484865109943
Greece,GRC,1990,4.83897294364113,3.79826032707078
Hungary,HUN,2024,,2.15630980446665
Hungary,HUN,2023,,2.04951096796972
Hungary,HUN,2022,,1.83314817173654
Hungary,HUN,2021,,1.31520993597457
Hungary,HUN,2020,0.952543062194021,1.74628152413286
Hungary,HUN,2019,0.825768093353083,1.32782522734016
Hungary,HUN,2018,0.823045267489712,1.00220452852258
Hungary,HUN,2017,0.832000226304062,1.19169678184034
Hungary,HUN,2016,0.832539143982415,0.999116487545317
Hungary,HUN,2015,0.817511825255467,0.904216708106145
Hungary,HUN,2014,0.832092039321428,0.857233093600132
Hungary,HUN,2013,0.851585840848118,0.943669886878651
Hungary,HUN,2012,0.858314560024612,1.0292472545828
Hungary,HUN,2011,0.86517106679188,1.03876980779352
Hungary,HUN,2010,0.779916589716791,1.02413363369774
Hungary,HUN,2009,0.945896475850508,1.12823884115794
Hungary,HUN,2008,0.830931492168807,1.18049340457337
Hungary,HUN,2007,0.82894663734436,1.2677875208247
Hungary,HUN,2006,0.984651300287988,1.21974188828371
Hungary,HUN,2005,0.987354236220911,1.4112437788596
Hungary,HUN,2004,1.03573044889909,1.47344940256568
Hungary,HUN,2003,1.07229872342158,1.64521118628476
Hungary,HUN,2002,1.07619872985845,1.5956687712714
Hungary,HUN,2001,1.091750182891,1.57074717283351
Hungary,HUN,2000,1.3305638575118,1.51420984744636
Hungary,HUN,1999,1.50487138443074,1.42990268770239
Hungary,HUN,1998,1.64232751211738,1.26775175126137
Hungary,HUN,1997,1.71952404688244,1.46833921798512
Hungary,HUN,1996,1.8133688236623,1.24968177456491
Hungary,HUN,1995,1.69616837886732,1.3139594616011
Hungary,HUN,1994,1.39559485137147,1.82413438385634
Hungary,HUN,1993,1.51458734019356,1.90656828980965
Hungary,HUN,1992,1.82225491897857,2.1796531721192
Hungary,HUN,1991,2.03812273434546,2.16146979946364
Hungary,HUN,1990,2.20368883444788,2.56353802709041
Iceland,ISL,2024,,
Iceland,ISL,2023,,
Iceland,ISL,2022,,
Iceland,ISL,2021,,
Iceland,ISL,2020,0.0,
Iceland,ISL,2019,0.0,
Iceland,ISL,2018,,
Iceland,ISL,2017,0.0,
Iceland,ISL,2016,0.120170353493112,
Iceland,ISL,2015,0.123494600816052,
Iceland,ISL,2014,0.101081061957637,
Iceland,ISL,2013,0.10386427017174,
Iceland,ISL,2012,0.0952890168820375,
Iceland,ISL,2011,0.0960712207983519,
Iceland,ISL,2010,0.0692170486915316,
Iceland,ISL,2009,0.0689578349361609,
Iceland,ISL,2008,0.0677492651810469,
Iceland,ISL,2007,0.0685408186937174,
Iceland,ISL,2006,0.070934756393677,
Iceland,ISL,2005,,
Iceland,ISL,2004,,
Iceland,ISL,2003,0.0579199777587285,
Iceland,ISL,2002,0.0588948961682981,
Iceland,ISL,2001,0.0587330114764304,
Iceland,ISL,2000,0.0595351495522957,
Iceland,ISL,1999,0.061708587367018,
Iceland,ISL,1998,0.0764044085343724,
Iceland,ISL,1997,0.0790628417820765,
Iceland,ISL,1996,0.0659008982292429,
Iceland,ISL,1995,0.0653761416308732,
Iceland,ISL,1994,,
Iceland,ISL,1993,,
Iceland,ISL,1992,,
Iceland,ISL,1991,,
Iceland,ISL,1990,,
Italy,ITA,2024,,1.60924561245844
Italy,ITA,2023,,1.60646040928357
Italy,ITA,2022,,1.65164252620196
Italy,ITA,2021,,1.66286387777873
Italy,ITA,2020,1.35285110568761,1.72984958969454
Italy,ITA,2019,1.32756244783883,1.30611671363832
Italy,ITA,2018,1.31846032866764,1.35443317948295
Italy,ITA,2017,1.34893374562243,1.35122350161336
Italy,ITA,2016,1.39673321381874,1.32773387933426
Italy,ITA,2015,1.41213286672469,1.20247316488401
Italy,ITA,2014,1.40878760532202,1.27633070266495
Italy,ITA,2013,1.42789507215338,1.39167747666985
Italy,ITA,2012,1.42240509194909,1.41946238544527
Italy,ITA,2011,1.48708170845398,1.46829220552997
Italy,ITA,2010,1.45614984431736,1.49431312454622
Italy,ITA,2009,1.32265582366606,1.54748909606347
Italy,ITA,2008,1.75074583378708,1.53005124720846
Italy,ITA,2007,1.77713735616906,1.44091823807458
Italy,ITA,2006,1.79406689031613,1.51434317166841
Italy,ITA,2005,1.82108714974202,1.59516123663349
Italy,ITA,2004,1.81129844007315,1.67228931403318
Italy,ITA,2003,1.89757616493968,1.69839951235756
Italy,ITA,2002,1.99453950883861,1.69394254893483
Italy,ITA,2001,2.06270256777833,1.66687444230505
Italy,ITA,2000,2.15536289289372,1.7333974080779
Italy,ITA,1999,2.23557591365118,1.67522558920443
Italy,ITA,1998,2.38976657186239,1.63621282256544
Italy,ITA,1997,2.52229478023058,1.61893523792895
Italy,ITA,1996,2.5279541509451,1.58142783542643
Italy,ITA,1995,2.57095608055504,1.45963717676225
Italy,ITA,1994,1.90464890724264,1.71374275955101
Italy,ITA,1993,1.94167049247667,1.7867679733127
Italy,ITA,1992,2.01592408825981,1.75197698347487
Italy,ITA,1991,1.96546875016881,1.85885268375554
Italy,ITA,1990,2.07799161983493,1.8807984132592
Latvia,LVA,2024,,3.25799154535171
Latvia,LVA,2023,,2.97016956920808
Latvia,LVA,2022,,2.25461931057619
Latvia,LVA,2021,,2.15577987505149
Latvia,LVA,2020,0.915718304700179,2.22759521686375
Latvia,LVA,2019,0.61054782421107,2.09016802211357
Latvia,LVA,2018,0.693503580086598,2.13473002218592
Latvia,LVA,2017,0.602659536534728,1.65275736814609
Latvia,LVA,2016,0.530815806915,1.50174457900413
Latvia,LVA,2015,0.526914829328218,1.07352247572393
Latvia,LVA,2014,0.528010405086401,0.978038880665435
Latvia,LVA,2013,0.520709734232105,0.972846248892055
Latvia,LVA,2012,0.510750774782955,0.942934638140067
Latvia,LVA,2011,0.517766153578151,1.1073762662641
Latvia,LVA,2010,0.434442199826412,1.10611728003503
Latvia,LVA,2009,0.519942439792566,1.41593498753712
Latvia,LVA,2008,0.434312418294976,1.7043587604961
Latvia,LVA,2007,1.49420468318905,1.63649936606571
Latvia,LVA,2006,1.51803605424925,1.79995995043083
Latvia,LVA,2005,0.457959752665097,1.67142105821102
Latvia,LVA,2004,0.455642309851351,1.65869012027526
Latvia,LVA,2003,0.738726217119843,1.68220334950968
Latvia,LVA,2002,0.779708227803858,1.59179944261207
Latvia,LVA,2001,0.914163686493049,1.06180323433191
Latvia,LVA,2000,0.776581233594721,0.901766970575075
Latvia,LVA,1999,0.838865853366249,0.772368809222116
Latvia,LVA,1998,0.753737207959395,0.604779500640058
Latvia,LVA,1997,0.697611327140956,0.59826833706743
Latvia,LVA,1996,1.04477142864423,0.657943813358724
Latvia,LVA,1995,0.948386777306195,0.831537179120737
Latvia,LVA,1994,0.49613921004715,0.838757226966531
Latvia,LVA,1993,0.404057056088776,0.735295406430013
Latvia,LVA,1992,0.395384752856853,
Latvia,LVA,1991,,
Latvia,LVA,1990,,
Lithuania,LTU,2024,,3.11817486440289
Lithuania,LTU,2023,,2.71300052887971
Lithuania,LTU,2022,,2.44457587877222
Lithuania,LTU,2021,,1.94955292042791
Lithuania,LTU,2020,2.47533032279645,2.04915558023028
Lithuania,LTU,2019,2.49802352327989,1.98419011931355
Lithuania,LTU,2018,2.68321326151865,1.94787932963701
Lithuania,LTU,2017,2.31906991654759,1.71214117320754
Lithuania,LTU,2016,2.00423153098954,1.48013833220254
Lithuania,LTU,2015,1.92683338230333,1.13486085095513
Lithuania,LTU,2014,1.85314314042835,0.883731669079507
Lithuania,LTU,2013,1.49757488386119,0.766528272772994
Lithuania,LTU,2012,1.58653800420993,0.769173393857888
Lithuania,LTU,2011,1.57729345899442,0.797082443059276
Lithuania,LTU,2010,1.69142826507978,0.890423906680536
Lithuania,LTU,2009,1.66142807773956,1.07973512828669
Lithuania,LTU,2008,1.58828376012945,1.13081118398085
Lithuania,LTU,2007,1.59077456802185,1.112731351206
Lithuania,LTU,2006,1.59032551975482,1.16779179996757
Lithuania,LTU,2005,1.86889387260588,1.16311841256451
Lithuania,LTU,2004,1.75996912511306,1.19104062508646
Lithuania,LTU,2003,1.62394057210296,1.12083381901602
Lithuania,LTU,2002,1.67870868562644,1.27093846223477
Lithuania,LTU,2001,1.04496445602006,1.36102583365379
Lithuania,LTU,2000,0.984634949558219,1.21549030890811
Lithuania,LTU,1999,0.934412736459468,0.965770667320066
Lithuania,LTU,1998,0.877339937996641,1.22394047483022
Lithuania,LTU,1997,0.577580563868054,0.743584548384698
Lithuania,LTU,1996,0.559939549152512,0.501283930563048
Lithuania,LTU,1995,0.495707672830708,0.451480223246298
Lithuania,LTU,1994,0.548780554729336,0.493377598492433
Lithuania,LTU,1993,0.540545507715476,0.812260643325921
Lithuania,LTU,1992,0.532681898883126,
Lithuania,LTU,1991,,
Lithuania,LTU,1990,,
Luxembourg,LUX,2024,,0.962679157025622
Luxembourg,LUX,2023,,0.77317942181024
Luxembourg,LUX,2022,,0.625325775260002
Luxembourg,LUX,2021,,0.47124923612019
Luxembourg,LUX,2020,0.314096986867605,0.578077082223964
Luxembourg,LUX,2019,0.319875120752858,0.546198379988419
Luxembourg,LUX,2018,0.628211317061558,0.500655642661875
Luxembourg,LUX,2017,0.681229073494399,0.495110917223231
Luxembourg,LUX,2016,0.521269534575808,0.378949157263331
Luxembourg,LUX,2015,0.527170360373658,0.415571527949753
Luxembourg,LUX,2014,0.552793621274134,0.366856825936978
Luxembourg,LUX,2013,0.571465335518274,0.358492375793951
Luxembourg,LUX,2012,0.589192416196158,0.358937251707305
Luxembourg,LUX,2011,0.619652420132548,0.376775588804359
Luxembourg,LUX,2010,0.634848656614896,0.441009496679635
Luxembourg,LUX,2009,0.643426159188398,0.371311757115607
Luxembourg,LUX,2008,0.728870883145539,0.364912794964823
Luxembourg,LUX,2007,0.698038382877746,0.50162400683642
Luxembourg,LUX,2006,0.710696642522409,0.52078771268481
Luxembourg,LUX,2005,0.72359731235284,0.58477615707441
Luxembourg,LUX,2004,0.745690824353315,0.605730957855837
Luxembourg,LUX,2003,0.76342094012744,0.606265558712765
Luxembourg,LUX,2002,0.763980849546705,0.588787408670377
Luxembourg,LUX,2001,0.788017924781062,0.677211501251718
Luxembourg,LUX,2000,0.741081873666714,0.546329291336707
Luxembourg,LUX,1999,0.767468122663334,0.58038083885115
Luxembourg,LUX,1998,0.766897111730143,0.641796393004664
Luxembourg,LUX,1997,0.778018683889865,0.619164073380448
Luxembourg,LUX,1996,0.814299092056512,0.611795282179392
Luxembourg,LUX,1995,0.834391222204342,0.61631229536522
Luxembourg,LUX,1994,0.581679424835385,0.741561435509644
Luxembourg,LUX,1993,0.586899235270296,0.707154433830032
Luxembourg,LUX,1992,0.585744158666378,0.827198401049985
Luxembourg,LUX,1991,0.60313267109366,0.811385163106724
Luxembourg,LUX,1990,0.624360030968258,0.788344680855924
Montenegro,MNE,2024,,1.83253539270475
Montenegro,MNE,2023,,1.51875139564723
Montenegro,MNE,2022,,1.57303708395214
Montenegro,MNE,2021,,1.55528019503059
Montenegro,MNE,2020,4.66135272456067,1.73802726045562
Montenegro,MNE,2019,4.30156863869691,1.33441196432034
Montenegro,MNE,2018,4.51230562375775,1.36929487275714
Montenegro,MNE,2017,4.46789260675471,1.36277677368932
Montenegro,MNE,2016,4.48518956904959,1.41128063506996
Montenegro,MNE,2015,4.52534569134514,1.40371759825531
Montenegro,MNE,2014,4.64848237355021,1.47227234869517
Montenegro,MNE,2013,4.86977938060244,1.45226142609027
Montenegro,MNE,2012,4.88436721779546,1.65646177250839
Montenegro,MNE,2011,5.02220407961307,1.74896930267889
Montenegro,MNE,2010,5.41856824563293,1.81434774678489
Montenegro,MNE,2009,5.50310998314992,1.84376127299691
Montenegro,MNE,2008,6.26532393813201,1.87218246206494
Montenegro,MNE,2007,6.3050642275876,1.74405848731746
Montenegro,MNE,2006,6.75721332522468,2.29071316307389
Montenegro,MNE,2005,,2.69436332580307
Montenegro,MNE,2004,,
Montenegro,MNE,2003,,
Montenegro,MNE,2002,,
Montenegro,MNE,2001,,
Montenegro,MNE,2000,,
Montenegro,MNE,1999,,
Montenegro,MNE,1998,,
Montenegro,MNE,1997,,
Montenegro,MNE,1996,,
Montenegro,MNE,1995,,
Montenegro,MNE,1994,,
Montenegro,MNE,1993,,
Montenegro,MNE,1992,,
Montenegro,MNE,1991,,
Montenegro,MNE,1990,,
Netherlands,NLD,2024,,1.91642541759119
Netherlands,NLD,2023,,1.44136515676766
Netherlands,NLD,2022,,1.30419995572639
Netherlands,NLD,2021,,1.36537490886658
Netherlands,NLD,2020,0.418648311218662,1.40607718904592
Netherlands,NLD,2019,0.420821163732688,1.29180842332848
Netherlands,NLD,2018,0.430973428578357,1.1961416179648
Netherlands,NLD,2017,0.431963713362365,1.13721447777951
Netherlands,NLD,2016,0.437847768884212,1.14449960079147
Netherlands,NLD,2015,0.440132966822221,1.11786033539529
Netherlands,NLD,2014,0.451709163982285,1.14761127983414
Netherlands,NLD,2013,0.465653635211674,1.1572088159419
Netherlands,NLD,2012,0.467832112449985,1.22552534668627
Netherlands,NLD,2011,0.473268525784937,1.27726127378573
Netherlands,NLD,2010,0.475228577270241,1.31752879372712
Netherlands,NLD,2009,0.476272539832623,1.38580992838475
Netherlands,NLD,2008,0.518392911385033,1.29710010302488
Netherlands,NLD,2007,0.454931894476217,1.34687487455341
Netherlands,NLD,2006,0.512810622493011,1.38651514016655
Netherlands,NLD,2005,0.671171194853638,1.39083240225484
Netherlands,NLD,2004,0.593415329149569,1.42068916216587
Netherlands,NLD,2003,0.671200275292961,1.43794632366222
Netherlands,NLD,2002,0.594105463041193,1.42155215440017
Netherlands,NLD,2001,0.627908736401428,1.43475082877619
Netherlands,NLD,2000,0.65097219448085,1.43342083323197
Netherlands,NLD,1999,0.691191842830348,1.56975125135966
Netherlands,NLD,1998,0.706828101336217,1.55853398473808
Netherlands,NLD,1997,0.712916833561123,1.63818103121788
Netherlands,NLD,1996,0.787906451051991,1.73454966695627
Netherlands,NLD,1995,0.927530275836802,1.76873757696223
Netherlands,NLD,1994,0.919841763324714,1.91306097545144
Netherlands,NLD,1993,1.03316148013597,2.02782940845455
Netherlands,NLD,1992,1.08911937075039,2.21300259630903
Netherlands,NLD,1991,1.27077270433995,2.24853153093843
Netherlands,NLD,1990,1.2842813593723,2.36901988510143
North Macedonia,MKD,2024,,2.10352863426818
North Macedonia,MKD,2023,,1.69322815512816
North Macedonia,MKD,2022,,1.58059754666542
North Macedonia,MKD,2021,,1.45370889108625
North Macedonia,MKD,2020,1.99824154743825,1.24058656980426
North Macedonia,MKD,2019,1.94335839051058,1.15911628553257
North Macedonia,MKD,2018,1.94108562492645,0.943108732670231
North Macedonia,MKD,2017,1.9226494108882,0.895041406541028
North Macedonia,MKD,2016,1.86254201166477,0.970115977909212
North Macedonia,MKD,2015,1.84306752597721,0.99342769175221
North Macedonia,MKD,2014,0.935421974699174,1.09296080025624
North Macedonia,MKD,2013,0.934860115712311,1.16943718855289
North Macedonia,MKD,2012,0.940521425078063,1.22531966171625
North Macedonia,MKD,2011,0.935472290726079,1.26218709982742
North Macedonia,MKD,2010,0.958091864243173,1.38215461102863
North Macedonia,MKD,2009,0.92937450772194,1.68816456224776
North Macedonia,MKD,2008,2.20307479670837,1.74234086894233
North Macedonia,MKD,2007,2.21747604542325,1.95006969471653
North Macedonia,MKD,2006,2.25872641116905,1.83653768735825
North Macedonia,MKD,2005,2.25830760051252,2.02926330577443
North Macedonia,MKD,2004,2.01829285666796,2.38010407130392
North Macedonia,MKD,2003,2.42143396369748,2.34170115867248
North Macedonia,MKD,2002,2.39654512128445,2.64559751876128
North Macedonia,MKD,2001,3.13282830534473,6.10039562766158
North Macedonia,MKD,2000,2.87127757190107,1.850821459557
North Macedonia,MKD,1999,2.91276696748732,1.71382060586219
North Macedonia,MKD,1998,3.40768277571252,2.09823976120451
North Macedonia,MKD,1997,2.83379367012167,2.12824694412777
North Macedonia,MKD,1996,2.19847973284173,2.81367674231936
North Macedonia,MKD,1995,2.20673535079079,
North Macedonia,MKD,1994,1.22852537642018,
North Macedonia,MKD,1993,1.21180393981697,
North Macedonia,MKD,1992,1.19223331529087,
North Macedonia,MKD,1991,,
North Macedonia,MKD,1990,,
Norway,NOR,2024,,2.09124111193175
Norway,NOR,2023,,1.81314737150102
Norway,NOR,2022,,1.46436961628818
Norway,NOR,2021,,1.67632184694899
Norway,NOR,2020,0.854688290052488,1.96598369239436
Norway,NOR,2019,0.790047598650324,1.84373537818427
Norway,NOR,2018,0.806314010928416,1.71529737478335
Norway,NOR,2017,0.807385258268503,1.70515328594991
Norway,NOR,2016,0.841545576632651,1.61734383599671
Norway,NOR,2015,0.880802529368322,1.49812327266489
Norway,NOR,2014,0.92170771719435,1.46227942776465
Norway,NOR,2013,0.92853217417968,1.40525218139781
Norway,NOR,2012,0.939744527900396,1.39318999611811
Norway,NOR,2011,0.903511945388708,1.44252755140788
Norway,NOR,2010,0.914800118980138,1.50762795492815
Norway,NOR,2009,0.993524623446655,1.59690979918941
Norway,NOR,2008,0.7196678013429,1.37033371660879
Norway,NOR,2007,0.730304925368602,1.45917207799086
Norway,NOR,2006,0.625164838385121,1.44466802794409
Norway,NOR,2005,1.86294954062439,1.57588467314326
Norway,NOR,2004,1.00391244759075,1.84243477657857
Norway,NOR,2003,1.08014865444339,1.96940449912105
Norway,NOR,2002,1.08886399147248,2.07531910404726
Norway,NOR,2001,1.10249212771071,1.70223168580233
Norway,NOR,2000,1.12538732080291,1.70442346991516
Norway,NOR,1999,1.30666775696148,2.03788030128002
Norway,NOR,1998,1.23172728098869,2.15582766096953
Norway,NOR,1997,1.48408074610753,2.01605130811152
Norway,NOR,1996,1.34852406895834,2.16304215907884
Norway,NOR,1995,1.3678037705048,2.30745749830242
Norway,NOR,1994,1.48966443728603,2.67698123806063
Norway,NOR,1993,1.46346594469013,2.63361861863617
Norway,NOR,1992,1.66612440488119,2.90717052046937
Norway,NOR,1991,1.91885580032667,2.69755102919046
Norway,NOR,1990,2.40995623802996,2.8339918998321
Poland,POL,2024,,4.15439387975356
Poland,POL,2023,,3.26980459253118
Poland,POL,2022,,2.20458906428882
Poland,POL,2021,,2.21716328801834
Poland,POL,2020,1.03859136238184,2.26305371895405
Poland,POL,2019,1.02416154224639,1.95338318505019
Poland,POL,2018,1.06303132651177,2.02472821822818
Poland,POL,2017,1.03048692881283,1.88828727046187
Poland,POL,2016,0.966087564682243,1.93589358828699
Poland,POL,2015,0.938204587163091,2.12742384353358
Poland,POL,2014,0.937537118761144,1.90822735552002
Poland,POL,2013,0.942690786668638,1.7900581767381
Poland,POL,2012,0.941947405082164,1.80404649861118
Poland,POL,2011,0.648257935160368,1.79131485643585
Poland,POL,2010,0.669063943719708,1.83851836437415
Poland,POL,2009,0.678741898776548,1.79268764302392
Poland,POL,2008,0.812449868150181,1.74555706324845
Poland,POL,2007,0.817893293493866,1.99879774345695
Poland,POL,2006,0.852754578787926,1.9136927914289
Poland,POL,2005,0.927512069107665,1.92065181170108
Poland,POL,2004,0.9360555600978,1.86469356337462
Poland,POL,2003,1.06495350068812,1.89890364834865
Poland,POL,2002,1.06357937950295,1.89097402916196
Poland,POL,2001,1.30443953982806,1.89270410859475
Poland,POL,2000,1.39641185308063,1.81904535107873
Poland,POL,1999,1.52415398775078,1.89014224685951
Poland,POL,1998,1.521369318812,1.9916575833585
Poland,POL,1997,1.52968332757094,1.99649463419658
Poland,POL,1996,1.56421731099638,1.91739242748542
Poland,POL,1995,1.72779682390895,1.90379957330223
Poland,POL,1994,1.44520472288369,2.27323210335054
Poland,POL,1993,1.46919781573231,2.46918731544486
Poland,POL,1992,1.52235562317571,2.23099944320713
Poland,POL,1991,1.72500901670697,2.25165022520211
Poland,POL,1990,1.79043747366184,2.61248574350627
Portugal,PRT,2024,,1.53226822745255
Portugal,PRT,2023,,1.46642848168082
Portugal,PRT,2022,,1.38999857860246
Portugal,PRT,2021,,1.51644104082545
Portugal,PRT,2020,1.01189285455753,1.42613611053982
Portugal,PRT,2019,0.991321551730876,1.37395750042211
Portugal,PRT,2018,0.99885757457117,1.34147881873726
Portugal,PRT,2017,0.995845600267959,1.23983975869036
Portugal,PRT,2016,1.43763944620199,1.54200474856982
Portugal,PRT,2015,1.41594908893488,1.32892803352448
Portugal,PRT,2014,1.49514260520846,1.30668261277534
Portugal,PRT,2013,1.51196554574193,1.43957267155316
Portugal,PRT,2012,1.67920522826034,1.40383146309083
Portugal,PRT,2011,1.6649135600111,1.48992161044294
Portugal,PRT,2010,1.64599590459805,1.48615299877848
Portugal,PRT,2009,1.66021503650777,1.53406376621365
Portugal,PRT,2008,1.64508977761098,1.41594674624287
Portugal,PRT,2007,1.64569520495054,1.37790810197484
Portugal,PRT,2006,1.65541740804202,1.51208523296058
Portugal,PRT,2005,1.70289405929843,1.59379180313443
Portugal,PRT,2004,1.6803281034506,1.50609147993081
Portugal,PRT,2003,1.70229788153992,1.43358027472409
Portugal,PRT,2002,1.66094563171299,1.4648125666589
Portugal,PRT,2001,1.6869152729935,1.44506185476172
Portugal,PRT,2000,1.73010975969253,1.4070359633161
Portugal,PRT,1999,1.75306951636566,1.42626993965458
Portugal,PRT,1998,1.84582245453759,1.42301869395635
Portugal,PRT,1997,2.02095337366097,1.54154760574092
Portugal,PRT,1996,2.13837155603952,1.60164031322082
Portugal,PRT,1995,2.1649311135573,1.70715787362033
Portugal,PRT,1994,2.55065933498457,1.68121275838708
Portugal,PRT,1993,1.43169589431726,1.78650706580181
Portugal,PRT,1992,1.68482415700876,1.80524410002279
Portugal,PRT,1991,1.7639035595984,1.82995478165992
Portugal,PRT,1990,1.83541244776722,1.840828125429
Romania,ROU,2024,,2.29815245791591
Romania,ROU,2023,,1.60357956167259
Romania,ROU,2022,,1.75011695275109
Romania,ROU,2021,,1.84762902286434
Romania,ROU,2020,1.52292803855673,2.00415209230412
Romania,ROU,2019,1.48930114425607,1.83079024096076
Romania,ROU,2018,1.4921965545818,1.79144423500295
Romania,ROU,2017,1.47414041819258,1.73375510218939
Romania,ROU,2016,1.76382063410061,1.42770454147789
Romania,ROU,2015,1.75623340248502,1.45071824376782
Romania,ROU,2014,1.78367731308641,1.3476637836228
Romania,ROU,2013,1.7932842276089,1.29223076714816
Romania,ROU,2012,1.78906551065996,1.17392522752233
Romania,ROU,2011,1.78642693360348,1.23556866931776
Romania,ROU,2010,1.7938700962788,1.22697660697606
Romania,ROU,2009,1.87128422456003,1.27806961233722
Romania,ROU,2008,1.73388866122943,1.39998436558161
Romania,ROU,2007,1.71433546362858,1.49361825981328
Romania,ROU,2006,1.70621408710179,1.84512546001227
Romania,ROU,2005,1.95568981433653,2.00699360911993
Romania,ROU,2004,1.93980904784252,2.00765756131918
Romania,ROU,2003,1.94719163510222,2.08848713354877
Romania,ROU,2002,1.9691153438723,2.28729607547664
Romania,ROU,2001,1.93902592615314,2.4207451879196
Romania,ROU,2000,3.03334459534443,2.49891418426016
Romania,ROU,1999,3.04810806658258,2.64025926740376
Romania,ROU,1998,3.20236139344491,3.00417486391887
Romania,ROU,1997,3.33632681591347,3.01764996200519
Romania,ROU,1996,3.38062098324509,2.36907292563377
Romania,ROU,1995,3.26333507121059,2.61344768528808
Romania,ROU,1994,2.2005415092546,3.11472840805896
Romania,ROU,1993,2.20786252964745,2.74060801469377
Romania,ROU,1992,1.91269503512186,4.24768251683067
Romania,ROU,1991,2.2492314007027,4.77333466430117
Romania,ROU,1990,1.41376234812013,4.54741504925103
Slovak Republic,SVK,2024,,2.01078152849676
Slovak Republic,SVK,2023,,1.83861085562872
Slovak Republic,SVK,2022,,1.80127696639016
Slovak Republic,SVK,2021,,1.71243604796751
Slovak Republic,SVK,2020,0.665248455514836,1.9041442947824
Slovak Republic,SVK,2019,0.584959306940213,1.702848063096
Slovak Republic,SVK,2018,0.57786250663995,1.21627211246117
Slovak Republic,SVK,2017,0.581540522652275,1.10051309804795
Slovak Republic,SVK,2016,0.574934245296331,1.11122582751499
Slovak Republic,SVK,2015,0.578875112351077,1.10604733307789
Slovak Republic,SVK,2014,0.577819531466739,0.982206647396956
Slovak Republic,SVK,2013,0.583761701475683,0.976653153261356
Slovak Republic,SVK,2012,0.585309506866585,1.0769371641209
Slovak Republic,SVK,2011,0.590403429927308,1.06939130819127
Slovak Republic,SVK,2010,0.589163405863442,1.24987774042242
Slovak Republic,SVK,2009,0.618970967786626,1.51744260464589
Slovak Republic,SVK,2008,0.633735059229997,1.46010645649302
Slovak Republic,SVK,2007,0.64158715074543,1.47798320217802
Slovak Republic,SVK,2006,0.641065768068439,1.594347802785
Slovak Republic,SVK,2005,0.753110723844841,1.68609625574848
Slovak Republic,SVK,2004,0.749715951368925,1.65576883362586
Slovak Republic,SVK,2003,0.826511793384074,1.84975289310525
Slovak Republic,SVK,2002,1.17563490943236,1.77638869541757
Slovak Republic,SVK,2001,1.4382286516511,1.84333774482959
Slovak Republic,SVK,2000,1.59570739219196,1.65370432455852
Slovak Republic,SVK,1999,1.86336159379424,1.56985344586326
Slovak Republic,SVK,1998,1.90791879611714,1.7353509879857
Slovak Republic,SVK,1997,1.79083946938795,2.26783995445767
Slovak Republic,SVK,1996,1.85086772332943,2.93418881478054
Slovak Republic,SVK,1995,2.05671699574139,3.10070289089865
Slovak Republic,SVK,1994,1.91394340347189,1.93951901446386
Slovak Republic,SVK,1993,1.30933831992849,1.99636032146556
Slovak Republic,SVK,1992,,
Slovak Republic,SVK,1991,,
Slovak Republic,SVK,1990,,
Slovenia,SVN,2024,,1.31001116486788
Slovenia,SVN,2023,,1.32131919558764
Slovenia,SVN,2022,,1.29505522763484
Slovenia,SVN,2021,,1.23984465824347
Slovenia,SVN,2020,0.67866613019725,1.0654982010929
Slovenia,SVN,2019,0.676287990477865,1.06257823971417
Slovenia,SVN,2018,0.698431659666294,0.986759717956076
Slovenia,SVN,2017,0.680761675062727,0.990668071759246
Slovenia,SVN,2016,1.321681178459,1.01508115640424
Slovenia,SVN,2015,1.30403341486835,0.938787933833639
Slovenia,SVN,2014,1.33169533169533,0.983232647144707
Slovenia,SVN,2013,1.33606001325214,1.05894724003693
Slovenia,SVN,2012,1.33092489949307,1.17717193840362
Slovenia,SVN,2011,1.18229874050985,1.30187924610493
Slovenia,SVN,2010,1.15883067281134,1.61704968465109
Slovenia,SVN,2009,1.15700345666735,1.60495226217918
Slovenia,SVN,2008,1.15407474942152,1.50018334060673
Slovenia,SVN,2007,1.1519941017902,1.44855400639896
Slovenia,SVN,2006,1.07284626113078,1.55085054600912
Slovenia,SVN,2005,1.17909696893473,1.43040814614095
Slovenia,SVN,2004,0.991147074332066,1.44379021070681
Slovenia,SVN,2003,1.14099361873387,1.41990505481164
Slovenia,SVN,2002,1.36742925326208,1.4084785163184
Slovenia,SVN,2001,1.2451108817546,1.31347656232859
Slovenia,SVN,2000,1.40305804295228,1.1030903407362
Slovenia,SVN,1999,1.45483538615266,1.21560860247362
Slovenia,SVN,1998,1.4339939231318,1.36530877958536
Slovenia,SVN,1997,1.46193658212754,1.40287074092784
Slovenia,SVN,1996,1.49258012393196,1.53702782548185
Slovenia,SVN,1995,1.3747975104442,1.56609458436673
Slovenia,SVN,1994,1.81770357745449,1.65407466226615
Slovenia,SVN,1993,1.28645629532748,1.8173013500764
Slovenia,SVN,1992,1.6094645096981,2.24723333231322
Slovenia,SVN,1991,,
Slovenia,SVN,1990,,
Spain,ESP,2024,,1.43210737406914
Spain,ESP,2023,,1.4715775760116
Spain,ESP,2022,,1.4055469125943
Spain,ESP,2021,,1.33768901652321
Spain,ESP,2020,0.868300537752922,1.35429599703865
Spain,ESP,2019,0.856676807739812,1.22464525288942
Spain,ESP,2018,0.853393958857414,1.24562475871831
Spain,ESP,2017,0.851184873228824,1.22211082849583
Spain,ESP,2016,0.858623470640651,1.12848106845526
Spain,ESP,2015,0.864353441579174,1.25969265356283
Spain,ESP,2014,0.862789469102344,1.24625944103127
Spain,ESP,2013,0.914159269574994,1.26618872678062
Spain,ESP,2012,0.913550225241401,1.41695174735802
Spain,ESP,2011,0.91448000873356,1.32573618168037
Spain,ESP,2010,0.948993592584164,1.3816644927099
Spain,ESP,2009,0.950455769826142,1.35835383696039
Spain,ESP,2008,0.962687692801954,1.36762048450666
Spain,ESP,2007,0.985244018093163,1.36310631227691
Spain,ESP,2006,1.01171585185563,1.37000746147478
Spain,ESP,2005,1.03634148092444,1.38717775355122
Spain,ESP,2004,1.07593636051615,1.43022117967926
Spain,ESP,2003,1.13342628440853,1.42254439300681
Spain,ESP,2002,1.32263724177904,1.45597370162444
Spain,ESP,2001,1.18223760409831,1.62958403293614
Spain,ESP,2000,1.32296974207343,1.72551798839458
Spain,ESP,1999,1.47632950012686,1.75523458900652
Spain,ESP,1998,1.54548319628685,1.75731994886122
Spain,ESP,1997,1.58914600195292,1.72281567944182
Spain,ESP,1996,1.67338559931656,1.81443901615473
Spain,ESP,1995,1.69654415882738,1.91702239465122
Spain,ESP,1994,1.29307495227005,2.00133740218861
Spain,ESP,1993,1.2643358016391,2.0118717370405
Spain,ESP,1992,1.244792852324,2.04280367601027
Spain,ESP,1991,1.56857243967213,2.12919223112803
Spain,ESP,1990,1.69198717975524,2.29330520898016
Sweden,SWE,2024,,1.99771738810168
Sweden,SWE,2023,,1.50126036606591
Sweden,SWE,2022,,1.33147661923348
Sweden,SWE,2021,,1.18992635880485
Sweden,SWE,2020,0.274527574647708,1.15009466283262
Sweden,SWE,2019,0.274809630208833,1.09692312001944
Sweden,SWE,2018,0.280691639020547,1.04000297143706
Sweden,SWE,2017,0.562693636947815,1.0325978685581
Sweden,SWE,2016,0.582551782751471,1.05595798245271
Sweden,SWE,2015,0.59005869876895,1.07374144708625
Sweden,SWE,2014,0.595244358038215,1.1347022453612
Sweden,SWE,2013,0.316301449819757,1.11768901606678
Sweden,SWE,2012,0.319940987779049,1.13574610579856
Sweden,SWE,2011,0.425760467161175,1.10855139297702
Sweden,SWE,2010,0.428182471326868,1.19449893581106
Sweden,SWE,2009,0.445230627225517,1.1657412674695
Sweden,SWE,2008,0.358941790654543,1.17073406588482
Sweden,SWE,2007,0.36341756223629,1.30317126242131
Sweden,SWE,2006,0.5161379120501,1.31996199535912
Sweden,SWE,2005,0.60647597591739,1.4088832755238
Sweden,SWE,2004,0.597433503594667,1.43407694057924
Sweden,SWE,2003,1.37218558115208,1.58816297928906
Sweden,SWE,2002,1.51777378619044,1.62865223371684
Sweden,SWE,2001,1.52489796348231,1.76644912426107
Sweden,SWE,2000,1.96816564510028,1.81219616487946
Sweden,SWE,1999,1.96430588250926,1.85215824084675
Sweden,SWE,1998,1.9847281101495,1.85898135400003
Sweden,SWE,1997,1.97336413216016,1.89568067997443
Sweden,SWE,1996,2.17156130392747,1.47343176529016
Sweden,SWE,1995,2.19942223209558,1.74250521093618
Sweden,SWE,1994,1.56537917956241,2.10703239487222
Sweden,SWE,1993,1.55466663172368,2.23500815954401
Sweden,SWE,1992,1.52466250506406,2.33879088257987
Sweden,SWE,1991,1.34721809087221,2.31988463219988
Sweden,SWE,1990,1.3806011519736,2.46222087771384
Turkiye,TUR,2024,,1.92255231276371
Turkiye,TUR,2023,,1.71991880187465
Turkiye,TUR,2022,,1.65879843534611
Turkiye,TUR,2021,,1.85888321091456
Turkiye,TUR,2020,1.61157584859698,2.19555218691023
Turkiye,TUR,2019,1.51991018518235,2.68985897943633
Turkiye,TUR,2018,1.53802082363688,2.52209022414858
Turkiye,TUR,2017,1.57367241138034,2.05006599219326
Turkiye,TUR,2016,1.62466474630447,2.05032437865497
Turkiye,TUR,2015,1.6758915988798,1.81284855723729
Turkiye,TUR,2014,2.07574575095387,1.87196639443904
Turkiye,TUR,2013,2.1022508320752,1.92395966496054
Turkiye,TUR,2012,2.17872917514622,2.00944811786941
Turkiye,TUR,2011,2.22227395923563,2.0275060358965
Turkiye,TUR,2010,2.31658859647166,2.27171515093383
Turkiye,TUR,2009,2.41130230274255,2.47155127527395
Turkiye,TUR,2008,2.51173158939671,2.18178699504167
Turkiye,TUR,2007,2.58935693066768,2.19980660446648
Turkiye,TUR,2006,2.60456542868381,2.34016133817719
Turkiye,TUR,2005,2.65803790879018,2.38609105306995
Turkiye,TUR,2004,2.70467543543518,2.67100029372768
Turkiye,TUR,2003,2.84520213025522,3.26703119500148
Turkiye,TUR,2002,2.82439838360122,3.76709151041563
Turkiye,TUR,2001,2.86593499933598,3.57667970794229
Turkiye,TUR,2000,3.62948154586008,3.64342934046749
Turkiye,TUR,1999,3.56994367153429,3.88141296380978
Turkiye,TUR,1998,3.55589288136832,3.18220800142332
Turkiye,TUR,1997,3.65503257750298,4.10367223056831
Turkiye,TUR,1996,3.15231952680974,4.13969694261893
Turkiye,TUR,1995,3.1286747758894,3.90164973474904
Turkiye,TUR,1994,3.73383184055258,4.05135933699201
Turkiye,TUR,1993,3.39419044228627,3.9214172544983
Turkiye,TUR,1992,3.32691217230683,3.87056650021036
Turkiye,TUR,1991,3.8256591910558,3.75436424807973
Turkiye,TUR,1990,3.77796974951618,3.52770569378721
United Kingdom,GBR,2024,,2.2786177901127
United Kingdom,GBR,2023,,2.23063973904322
United Kingdom,GBR,2022,,2.05691855462534
United Kingdom,GBR,2021,,2.07241748249759
United Kingdom,GBR,2020,0.446580819628167,2.16304030547387
United Kingdom,GBR,2019,0.435577782820216,1.98525373099586
United Kingdom,GBR,2018,0.436408414894965,1.94455569473457
United Kingdom,GBR,2017,0.438499328488647,1.95002885979327
United Kingdom,GBR,2016,0.447246228322697,1.98449096820719
United Kingdom,GBR,2015,0.457884994497115,2.04890800410498
United Kingdom,GBR,2014,0.468950206612428,2.18448549185402
United Kingdom,GBR,2013,0.486821498844935,2.29232047399432
United Kingdom,GBR,2012,0.520811154983639,2.41781748358099
United Kingdom,GBR,2011,0.515314580030439,2.49903987829525
United Kingdom,GBR,2010,0.545488940934256,2.56799960467203
United Kingdom,GBR,2009,0.562282179454498,2.64772453259797
United Kingdom,GBR,2008,0.506580704986837,2.4871500848402
United Kingdom,GBR,2007,0.513031414773265,2.37465777127738
United Kingdom,GBR,2006,0.58431868779972,2.36967440284241
United Kingdom,GBR,2005,0.71202969577268,2.42271607573388
United Kingdom,GBR,2004,0.681409759010963,2.49782136751626
United Kingdom,GBR,2003,0.711948917296819,2.55206201518244
United Kingdom,GBR,2002,0.709818120577047,2.48565967470705
United Kingdom,GBR,2001,0.721263000432928,2.41112210130721
United Kingdom,GBR,2000,0.725660608977115,2.3727966452319
United Kingdom,GBR,1999,0.752130911076183,2.42290959332375
United Kingdom,GBR,1998,0.759774790205443,2.49596227501881
United Kingdom,GBR,1997,0.761511876336619,2.56014877225605
United Kingdom,GBR,1996,0.776722996539681,2.72459232198324
United Kingdom,GBR,1995,0.822765853479738,2.85419949053587
United Kingdom,GBR,1994,0.907619038033299,3.38193371776532
United Kingdom,GBR,1993,0.956072794465305,3.59064951247979
United Kingdom,GBR,1992,1.02624770355185,3.86471776641263
United Kingdom,GBR,1991,1.04776072820833,4.11680242273171
United Kingdom,GBR,1990,1.06678732908803,3.983217694585
United States,USA,2024,,3.41921653228044
United States,USA,2023,,3.304441637598
United States,USA,2022,,3.30947715843109
United States,USA,2021,,3.40451991574826
United States,USA,2020,0.83751058497809,3.64518757294704
United States,USA,2019,0.821688240896544,3.40921408383721
United States,USA,2018,0.82621761050921,3.3040005391035
United States,USA,2017,0.820665475037047,3.2977234873792
United States,USA,2016,0.822764756106508,3.40260233575118
United States,USA,2015,0.832039451157061,3.46449292564277
United States,USA,2014,0.858578755130859,3.67891817387645
United States,USA,2013,0.894977803470118,4.02370560438155
United States,USA,2012,0.934477876893818,4.4617099699335
United States,USA,2011,0.958828892786328,4.82244197600452
United States,USA,2010,0.991230553105963,4.90402300595835
United States,USA,2009,0.98766325865978,4.87576835879774
United States,USA,2008,0.973003051027976,4.44659552156261
United States,USA,2007,0.993045704127071,4.07335051467688
United States,USA,2006,0.964789399033199,4.04134230166038
United States,USA,2005,1.00966174450688,4.08923187524508
United States,USA,2004,0.974089574420463,4.01631273640692
United States,USA,2003,0.986717153694364,3.82716104473623
United States,USA,2002,0.982967952799045,3.44761809928778
United States,USA,2001,0.958549853802087,3.12380980266703
United States,USA,2000,0.988718986850928,3.11224214697679
United States,USA,1999,1.08558486391149,3.08567678324746
United States,USA,1998,1.11392364018505,3.20155849896996
United States,USA,1997,1.08469787637619,3.40556224418855
United States,USA,1996,1.13283546844224,3.55498220635218
United States,USA,1995,1.19717922440529,3.8602457917389
United States,USA,1994,1.27775285705725,4.2152646751779
United States,USA,1993,1.37600463837555,4.60435029507644
United States,USA,1992,1.46729092151342,4.97046680768284
United States,USA,1991,1.64672197658835,4.88342939776313
United States,USA,1990,1.70550449855758,5.60517529438794
